{"cameraMode":{"drawMode":0,"name":"Shaded","section":"Shading Mode"},"sceneLighting":false,"audioPlay":false,"sceneViewState":{"showFog":true,"showMaterialUpdate":false,"showSkybox":false,"showFlares":true,"showImageEffects":true,"showParticleSystems":true},"in2DMode":false,"pivot":{"x":-1.8171249628067017,"y":3.8508405685424806,"z":-3.105010747909546},"rotation":{"x":0.2760409116744995,"y":0.0931834727525711,"z":-0.026242349296808244,"w":0.9568272829055786},"size":0.0878371074795723,"orthographic":false}