{"cameraMode":{"drawMode":0,"name":"Shaded","section":"Shading Mode"},"sceneLighting":true,"audioPlay":false,"sceneViewState":{"showFog":true,"showMaterialUpdate":false,"showSkybox":true,"showFlares":true,"showImageEffects":true,"showParticleSystems":true},"in2DMode":false,"pivot":{"x":30.583723068237306,"y":19.52115821838379,"z":75.34501647949219},"rotation":{"x":0.18230724334716798,"y":-0.38492101430892947,"z":0.06423810869455338,"w":0.9046072959899902},"size":21.81462287902832,"orthographic":false}