{"cameraMode":{"drawMode":0,"name":"Shaded","section":"Shading Mode"},"sceneLighting":true,"audioPlay":false,"sceneViewState":{"showFog":true,"showMaterialUpdate":false,"showSkybox":true,"showFlares":true,"showImageEffects":true,"showParticleSystems":true},"in2DMode":false,"pivot":{"x":176.98199462890626,"y":363.2149963378906,"z":-961.7445678710938},"rotation":{"x":0.1543286144733429,"y":0.00711962440982461,"z":-0.014844092540442944,"w":0.9899759292602539},"size":10.0,"orthographic":false}