{"cameraMode":{"drawMode":0,"name":"Shaded","section":"Shading Mode"},"sceneLighting":false,"audioPlay":false,"sceneViewState":{"showFog":true,"showMaterialUpdate":false,"showSkybox":false,"showFlares":true,"showImageEffects":true,"showParticleSystems":true},"in2DMode":false,"pivot":{"x":43.57231140136719,"y":8.58863353729248,"z":40.42390823364258},"rotation":{"x":0.0048608724027872089,"y":-0.9967861175537109,"z":0.09175481647253037,"w":0.0036624420899897815},"size":0.7071067690849304,"orthographic":false}