{"cameraMode":{"drawMode":0,"name":"Shaded","section":"Shading Mode"},"sceneLighting":false,"audioPlay":false,"sceneViewState":{"showFog":true,"showMaterialUpdate":false,"showSkybox":false,"showFlares":true,"showImageEffects":true,"showParticleSystems":true},"in2DMode":false,"pivot":{"x":42.211997985839847,"y":11.197927474975586,"z":20.844785690307618},"rotation":{"x":0.020190414041280748,"y":-0.9746624231338501,"z":0.21095354855060578,"w":0.08445222675800324},"size":4.557583332061768,"orthographic":false}