{"cameraMode":{"drawMode":0,"name":"Shaded","section":"Shading Mode"},"sceneLighting":false,"audioPlay":false,"sceneViewState":{"showFog":true,"showMaterialUpdate":false,"showSkybox":false,"showFlares":true,"showImageEffects":true,"showParticleSystems":true},"in2DMode":false,"pivot":{"x":2.0343427658081056,"y":5.5311126708984379,"z":-7.861179828643799},"rotation":{"x":0.009961830452084542,"y":-0.9843868017196655,"z":-0.16816526651382447,"w":-0.059165824204683307},"size":8.356524467468262,"orthographic":false}