{"cameraMode":{"drawMode":0,"name":"Shaded","section":"Shading Mode"},"sceneLighting":true,"audioPlay":false,"sceneViewState":{"showFog":true,"showMaterialUpdate":false,"showSkybox":true,"showFlares":true,"showImageEffects":true,"showParticleSystems":true},"in2DMode":false,"pivot":{"x":883.3819580078125,"y":-556.5547485351563,"z":647.8045043945313},"rotation":{"x":-0.21409274637699128,"y":-0.43084609508514407,"z":0.11781974136829376,"w":-0.8705461025238037},"size":623.8351440429688,"orthographic":false}