{"cameraMode":{"drawMode":0,"name":"Shaded","section":"Shading Mode"},"sceneLighting":true,"audioPlay":false,"sceneViewState":{"showFog":true,"showMaterialUpdate":false,"showSkybox":true,"showFlares":true,"showImageEffects":true,"showParticleSystems":true},"in2DMode":false,"pivot":{"x":51.1821174621582,"y":25.036672592163087,"z":89.32461547851563},"rotation":{"x":0.17363379895687104,"y":0.29366329312324526,"z":-0.06644455343484879,"w":0.9397785067558289},"size":10.0,"orthographic":false}