{"cameraMode":{"drawMode":0,"name":"Shaded","section":"Shading Mode"},"sceneLighting":false,"audioPlay":false,"sceneViewState":{"showFog":true,"showMaterialUpdate":false,"showSkybox":false,"showFlares":true,"showImageEffects":true,"showParticleSystems":true},"in2DMode":false,"pivot":{"x":20.412717819213868,"y":7.641014099121094,"z":72.63089752197266},"rotation":{"x":-0.042264219373464587,"y":0.5508936643600464,"z":-0.012835822068154812,"w":-0.8357442617416382},"size":4.375974178314209,"orthographic":false}