{"cameraMode":{"drawMode":0,"name":"Shaded","section":"Shading Mode"},"sceneLighting":true,"audioPlay":false,"sceneViewState":{"showFog":true,"showMaterialUpdate":false,"showSkybox":true,"showFlares":true,"showImageEffects":true,"showParticleSystems":true},"in2DMode":false,"pivot":{"x":58.19588088989258,"y":23.282848358154298,"z":89.04376983642578},"rotation":{"x":0.13538822531700135,"y":0.28602877259254458,"z":-0.055063508450984958,"w":0.9491652846336365},"size":10.0,"orthographic":false}