{"cameraMode":{"drawMode":0,"name":"Shaded","section":"Shading Mode"},"sceneLighting":false,"audioPlay":false,"sceneViewState":{"showFog":true,"showMaterialUpdate":false,"showSkybox":false,"showFlares":true,"showImageEffects":true,"showParticleSystems":true},"in2DMode":false,"pivot":{"x":57.726768493652347,"y":18.335243225097658,"z":65.5727767944336},"rotation":{"x":0.0023992392234504225,"y":-0.7983343005180359,"z":0.019116565585136415,"w":-0.604939341545105},"size":0.13112038373947144,"orthographic":false}