{"cameraMode":{"drawMode":0,"name":"Shaded","section":"Shading Mode"},"sceneLighting":false,"audioPlay":false,"sceneViewState":{"showFog":true,"showMaterialUpdate":false,"showSkybox":false,"showFlares":true,"showImageEffects":true,"showParticleSystems":true},"in2DMode":false,"pivot":{"x":-0.12540322542190553,"y":1.2514088153839112,"z":-0.1462721824645996},"rotation":{"x":-0.0037609136197715999,"y":0.9974973797798157,"z":-0.07371275126934052,"w":-0.03016738034784794},"size":1.5670205354690552,"orthographic":false}