{"cameraMode":{"drawMode":0,"name":"Shaded","section":"Shading Mode"},"sceneLighting":true,"audioPlay":false,"sceneViewState":{"showFog":true,"showMaterialUpdate":false,"showSkybox":true,"showFlares":true,"showImageEffects":true,"showParticleSystems":true},"in2DMode":false,"pivot":{"x":61.51628875732422,"y":15.413897514343262,"z":54.10542297363281},"rotation":{"x":0.42272987961769106,"y":-0.09277887642383576,"z":0.03070928156375885,"w":0.9028730988502502},"size":1.2230572700500489,"orthographic":false}