{"cameraMode":{"drawMode":0,"name":"Shaded","section":"Shading Mode"},"sceneLighting":false,"audioPlay":false,"sceneViewState":{"showFog":true,"showMaterialUpdate":false,"showSkybox":false,"showFlares":true,"showImageEffects":true,"showParticleSystems":true},"in2DMode":false,"pivot":{"x":0.014277458190917969,"y":0.039215996861457828,"z":0.0003819987177848816},"rotation":{"x":0.3273320198059082,"y":-0.3431989848613739,"z":0.10911557823419571,"w":0.8757179975509644},"size":0.7697892785072327,"orthographic":false}