{"cameraMode":{"drawMode":0,"name":"Shaded","section":"Shading Mode"},"sceneLighting":false,"audioPlay":false,"sceneViewState":{"showFog":true,"showMaterialUpdate":false,"showSkybox":false,"showFlares":true,"showImageEffects":true,"showParticleSystems":true},"in2DMode":false,"pivot":{"x":-10.070536613464356,"y":7.949999809265137,"z":-47.130001068115237},"rotation":{"x":-0.2693464457988739,"y":0.15827690064907075,"z":-0.04418488219380379,"w":-0.9494516253471375},"size":0.8660253882408142,"orthographic":false}