{"cameraMode":{"drawMode":0,"name":"Shaded","section":"Shading Mode"},"sceneLighting":false,"audioPlay":false,"sceneViewState":{"showFog":true,"showMaterialUpdate":false,"showSkybox":false,"showFlares":true,"showImageEffects":true,"showParticleSystems":true},"in2DMode":false,"pivot":{"x":-0.8372842669487,"y":4.637391090393066,"z":7.882030010223389},"rotation":{"x":-0.006073727272450924,"y":0.9930028319358826,"z":-0.10604199022054672,"w":0.07882556319236756},"size":3.279189348220825,"orthographic":false}