{"cameraMode":{"drawMode":0,"name":"Shaded","section":"Shading Mode"},"sceneLighting":false,"audioPlay":false,"sceneViewState":{"showFog":true,"showMaterialUpdate":false,"showSkybox":false,"showFlares":true,"showImageEffects":true,"showParticleSystems":true},"in2DMode":false,"pivot":{"x":-634.650146484375,"y":-547.6202392578125,"z":906.3192138671875},"rotation":{"x":-0.23537284135818482,"y":0.33196932077407839,"z":-0.07376810908317566,"w":-0.9119259715080261},"size":621.9633178710938,"orthographic":false}