{"cameraMode":{"drawMode":0,"name":"Shaded","section":"Shading Mode"},"sceneLighting":true,"audioPlay":false,"sceneViewState":{"showFog":true,"showMaterialUpdate":false,"showSkybox":true,"showFlares":true,"showImageEffects":true,"showParticleSystems":true},"in2DMode":false,"pivot":{"x":-5.270394802093506,"y":13.273000717163086,"z":-10.529702186584473},"rotation":{"x":0.0010577032808214427,"y":0.9889812469482422,"z":-0.0819944441318512,"w":0.13912196457386018},"size":10.0,"orthographic":false}