{"cameraMode":{"drawMode":0,"name":"Shaded","section":"Shading Mode"},"sceneLighting":true,"audioPlay":false,"sceneViewState":{"showFog":true,"showMaterialUpdate":false,"showSkybox":true,"showFlares":true,"showImageEffects":true,"showParticleSystems":true},"in2DMode":false,"pivot":{"x":39.47026443481445,"y":13.224021911621094,"z":32.42958450317383},"rotation":{"x":-0.025985389947891237,"y":0.9769871830940247,"z":-0.2138233184814453,"w":-0.05274460092186928},"size":1.2230572700500489,"orthographic":false}