{"cameraMode":{"drawMode":0,"name":"Shaded","section":"Shading Mode"},"sceneLighting":false,"audioPlay":false,"sceneViewState":{"showFog":true,"showMaterialUpdate":false,"showSkybox":false,"showFlares":true,"showImageEffects":true,"showParticleSystems":true},"in2DMode":false,"pivot":{"x":-0.26747927069664,"y":0.09926840662956238,"z":0.17782919108867646},"rotation":{"x":0.02497398853302002,"y":0.8821611404418945,"z":-0.07372526824474335,"w":0.4682352840900421},"size":0.11223185807466507,"orthographic":false}