{"cameraMode":{"drawMode":0,"name":"Shaded","section":"Shading Mode"},"sceneLighting":false,"audioPlay":false,"sceneViewState":{"showFog":true,"showMaterialUpdate":false,"showSkybox":false,"showFlares":true,"showImageEffects":true,"showParticleSystems":true},"in2DMode":false,"pivot":{"x":34.61384582519531,"y":9.154304504394532,"z":-1.9832935333251954},"rotation":{"x":-0.08423507213592529,"y":-0.023911112919449807,"z":0.0035232894588261844,"w":-0.9971476197242737},"size":1.366407036781311,"orthographic":false}