{"cameraMode":{"drawMode":0,"name":"Shaded","section":"Shading Mode"},"sceneLighting":false,"audioPlay":false,"sceneViewState":{"showFog":true,"showMaterialUpdate":false,"showSkybox":false,"showFlares":true,"showImageEffects":true,"showParticleSystems":true},"in2DMode":false,"pivot":{"x":24.0179443359375,"y":23.49370765686035,"z":49.91714859008789},"rotation":{"x":-0.08729135245084763,"y":0.7926676273345947,"z":0.09774851053953171,"w":0.5977008938789368},"size":1.6472047567367554,"orthographic":false}