{"cameraMode":{"drawMode":0,"name":"Shaded","section":"Shading Mode"},"sceneLighting":false,"audioPlay":false,"sceneViewState":{"showFog":true,"showMaterialUpdate":false,"showSkybox":false,"showFlares":true,"showImageEffects":true,"showParticleSystems":true},"in2DMode":false,"pivot":{"x":21.839086532592775,"y":24.216480255126954,"z":49.515525817871097},"rotation":{"x":0.07989414036273956,"y":0.6663780212402344,"z":-0.08765802532434464,"w":0.737981379032135},"size":1.6472047567367554,"orthographic":false}