{"cameraMode":{"drawMode":0,"name":"Shaded","section":"Shading Mode"},"sceneLighting":false,"audioPlay":false,"sceneViewState":{"showFog":true,"showMaterialUpdate":false,"showSkybox":false,"showFlares":true,"showImageEffects":true,"showParticleSystems":true},"in2DMode":false,"pivot":{"x":0.022280573844909669,"y":0.862539529800415,"z":0.005333662033081055},"rotation":{"x":0.14009515941143037,"y":-0.8272681832313538,"z":0.2326248735189438,"w":0.4932146668434143},"size":2.177480697631836,"orthographic":false}